<addon id="plugin.video.mobilevids" name="Mobilevids" provider-name="MV" version="5.0.0">
  <requires>
    <import addon="xbmc.python" version="2.1.0"/>
    <import addon="script.module.simplejson" version="1.0.0"/>
  </requires>
  <extension library="default.py" point="xbmc.python.pluginsource">
    <provides>video</provides>
  </extension>
  <extension point="xbmc.service" library="service.py" />
  <extension point="xbmc.addon.metadata">
    <platform>all</platform>
    <summary>Stream from http://mobilevids.org</summary>
    <description>Stream from http://mobilevids.org (Requires account, Set your username and password in addon settings)</description>
	 <forum>https://mobilevids.org/forums/index.php?p=/discussion/6991/kodi-addon-instructions-updated#latest</forum>
    <website>http://mobilevids.org</website> 
    <assets>
    <icon>icon.png</icon>
    <fanart>fanart.jpg</fanart>  
  </assets>
  </extension>
</addon>
