<?xml version="1.0" encoding="utf-8" standalone="yes"?>
<window id="880442">
    <defaultcontrol>300</defaultcontrol>
    <coordinates>
        <system>1</system>
        <posx>100</posx>
        <posy>50</posy>
    </coordinates>
    <controls>
        <control type="image">
            <description>Dialog Background</description>
            <posx>0</posx>
            <posy>0</posy>
            <width>1080</width>
            <height>620</height>
            <texture>dialog_background.png</texture>
        </control>
        <control type="button" id="300">
            <description>Close</description>
            <posx>780</posx>
            <posy>520</posy>
            <width>250</width>
            <height>80</height>
            <visible>true</visible>
            <colordiffuse>FFFFFFFF</colordiffuse>      
            <font>font12</font>            
            <aligny>center</aligny>
            <align>center</align>
            <onfocus>300</onfocus>
            <onunfocus></onunfocus>
            <onclick>Close</onclick>
            <onup>300</onup>
            <ondown>300</ondown>
            <onleft>300</onleft>
            <onright>300</onright>
        </control>
        <control type="label" id="100">
            <description>Caption</description>
            <posx>0</posx>
            <posy>0</posy>
            <width>1080</width>
            <height>50</height>
            <font>font13</font>
            <textcolor>FFFFFFFF</textcolor>
            <aligny>center</aligny>
            <align>center</align>
        </control>
        <control type="textbox" id="200">
            <posx>24</posx>
            <posy>84</posy>
            <width>1030</width>
            <height>530</height>
            <pagecontrol>201</pagecontrol>
            <font>font13</font>
            <textcolor>FFFFFFFF</textcolor>
        </control>
        <control type="scrollbar" id="201">
            <description>Message Scrollbar</description>
            <posx>1036</posx>
            <posy>70</posy>
            <width>4</width>
            <height>530</height>
            <texturesliderbackground>-</texturesliderbackground>
            <texturesliderbar>slider_bar.png</texturesliderbar>
            <texturesliderbarfocus>slider_bar_focus.png</texturesliderbarfocus>
            <textureslidernib>-</textureslidernib>
            <textureslidernibfocus>-</textureslidernibfocus>
            <orientation>vertical</orientation>
        </control>
    </controls>
</window>